well,barcode,depth
B02,ACTGGC,3.780118
D01,CGAGGC,4.006258
F08,GTATCC,4.361875
D04,CGGTCC,4.385387
F01,GGACTT,4.493171
D10,CTGGTT,4.879852
H03,TGACAA,5.304326
F12,GTTGGA,5.441238
D02,CGCAGA,5.468343
C09,CCCTAA,5.522074
G08,TCCTGC,5.532836
B03,AGCCAT,5.829167
D06,CGTGAT,5.928755
C04,CACCTC,6.402263
C12,CCTAAC,6.59963
E07,GCAGAT,6.755337
H08,TTCCGT,6.759185
C11,CCGCAT,7.064501
H09,TTCTAG,7.406399
E02,GAACCA,7.623278
E11,GCGCTG,7.866857
D07,CTACAG,7.951712
B08,AGTTAA,8.113665
F11,GTGTAA,8.297926
H07,TTATGA,8.511446
D09,CTGCGA,9.078061
C01,ATTCCG,9.204752
E05,GAGAGA,9.468443
H12,TTTGTC,9.643158
G03,TACACA,9.670631
D03,CGCGTG,9.692119
G02,TAATTC,10.273084
B04,AGCGCA,10.657067
B06,AGGTGT,10.804323
B01,ACTCTT,10.814985
F06,GGTTTG,10.933329
C08,CCCGGT,11.403433
A06,AATATC,11.453911
A03,AACTGA,11.559183
E08,GCATGG,11.83613
C03,CAATCG,11.910664
A05,AAGCTA,12.825093
D11,CTTATG,12.976671
A11,ACCATG,13.217808
E01,GAAATG,13.230211
G06,TATCAC,13.384816
B12,ATGTTG,13.595729
A07,AATGAG,13.726674
A09,ACAGCG,14.168825
C02,CAAAAA,15.441293
A12,ACCCCC,15.753972
F04,GGGGCG,63.947461
G11,TCGGAC,236.444741
F07,GTAAGT,311.733982
B10,ATCAAA,338.867062
D05,CGTCTA,371.562382
C07,CCATTT,377.314298
C05,CAGGCA,392.24579
H01,TCTTCT,395.257064
G10,TCGCCA,398.522388
C10,CCGAGG,403.32431
G01,TAAGCT,405.41171
F05,GGTACA,412.543585
A08,ACAAGA,426.379504
A01,AAACGG,429.382118
A02,AACGTT,429.382118
F02,GGCAAG,441.882948
G07,TCAAAG,442.092454
G04,TACGGG,447.61753
H05,TGCTTA,452.610578
E10,GCGACC,455.853014
A10,ACATAC,456.780603
E04,GACTCT,458.022966
G09,TCGATT,458.681126
F10,GTGCCT,459.15947
E06,AATCGT,459.628662
E03,GACGAC,460.745764
D12,CTTTGC,464.259983
B07,AGTAGG,465.923077
H06,TGGGGA,467.347476
H04,TGCCCG,467.523099
A04,AAGACG,468.842297
D08,CTCGCC,470.462052
G05,TAGTAT,472.456274
E09,GCCGTA,474.229338
C06,CATACT,478.795122
H11,TTTAAT,479.075421
B05,AGGGTC,479.607231
B11,ATGCAC,480.326235
F03,GGGCGC,480.876374
F09,GTCATC,482.455173
H02,TGAACC,485.263578
B09,ATAGTA,486.250137
G12,TCTCGG,487.067106
E12,GCTCAA,566.773655
H10,TTGAGC,580.801805
